chipID,erc20Value
urn:epc:id:sgtin:0042277.000009.18A00664,1000
urn:epc:id:sgtin:0042277.000009.18A00665,1000
